{"cameraMode":{"drawMode":0,"name":"Shaded","section":"Shading Mode"},"sceneLighting":true,"audioPlay":false,"sceneViewState":{"m_AlwaysRefresh":false,"showFog":true,"showSkybox":true,"showFlares":true,"showImageEffects":true,"showParticleSystems":true,"showVisualEffectGraphs":true,"m_FxEnabled":true},"in2DMode":false,"pivot":{"x":-12.096813201904297,"y":8.717206954956055,"z":1.0472193956375123},"rotation":{"x":-0.0037603359669446947,"y":0.6796656250953674,"z":-0.0035096833016723396,"w":-0.7333459854125977},"size":14.337650299072266,"orthographic":false}